,accuracy,precision,recall,f1
perceptron,0.74737,0.75053,0.74761,0.72680
logistic,0.76956,0.75440,0.72257,0.73198
SVC-RBF,0.77089,0.75801,0.72020,0.73035
mlp,0.86570,0.85135,0.81787,0.82641
